{
    "modname": "leoCASSIOPE[1]",
    "periods": [
        [
            27564,
            27835
        ]
    ],
    "period_start_to_epoch_offsets": [
        -115.6688630000026
    ],
    "distances": [
        [
            1094.3379142676963,
            1089.498068637121,
            1084.684758594419,
            1079.8983361442163,
            1075.1391574980908,
            1070.4075830795655,
            1065.7039775245792,
            1061.02870968106,
            1056.3821526028732,
            1051.7646835440537,
            1047.176683946152,
            1042.6185394249494,
            1038.0906397522403,
            1033.5933788347145,
            1029.1271546868913,
            1024.692369403407,
            1020.2894291240758,
            1015.9187439966043,
            1011.5807281323054,
            1007.2757995606864,
            1003.0043801756867,
            998.7668956792673,
            994.5637755181642,
            990.3954528166076,
            986.2623643022728,
            982.1649502276834,
            978.1036542845305,
            974.0789235129246,
            970.0912082040052,
            966.1409617966566,
            962.2286407657601,
            958.3547045072442,
            954.5196152128142,
            950.7238377408086,
            946.9678394760498,
            943.252090187209,
            939.5770618729618,
            935.9432286025608,
            932.3510663486895,
            928.8010528117982,
            925.2936672380537,
            921.829390228082,
            918.408703539169,
            915.0320898784247,
            911.7000326891454,
            908.4130159281639,
            905.1715238362909,
            901.9760406997594,
            898.8270506059337,
            895.7250371877626,
            892.6704833648773,
            889.6638710727714,
            886.7056809886171,
            883.7963922464098,
            880.9364821468771,
            878.1264258603566,
            875.3666961227655,
            872.6577629245081,
            870.0000931946239,
            867.3941504776285,
            864.8403946062257,
            862.3392813676255,
            859.8912621664846,
            857.4967836815698,
            855.1562875210221,
            852.8702098721783,
            850.6389811489856,
            848.4630256374878,
            846.3427611391726,
            844.2785986124793,
            842.2709418146035,
            840.3201869419216,
            838.4267222723626,
            836.5909278074001,
            834.813174917338,
            833.0938259877112,
            831.4332340702591,
            829.8317425366264,
            828.2896847364798,
            826.8073836634138,
            825.3851516233518,
            824.0232899125032,
            822.7220885002575,
            821.4818257241758,
            820.3027679889416,
            819.1851694798378,
            818.1292718819542,
            817.1353041148514,
            816.2034820748955,
            815.334008392923,
            814.5270722028865,
            813.7828489245662,
            813.1015000616037,
            812.4831730120775,
            811.9280008945584,
            811.4361023920179,
            811.0075816082077,
            810.6425279441304,
            810.3410159864998,
            810.1031054191272,
            809.9288409456116,
            809.8182522346593,
            809.7713538784058,
            809.7881453729788,
            809.868611112287,
            810.012720404239,
            810.2204275002921,
            810.4916716461452,
            810.8263771482951,
            811.2244534587461,
            811.6857952749223,
            812.2102826600071,
            812.7977811761203,
            813.448142037248,
            814.1612022733862,
            814.936784915396,
            815.7746991906603,
            816.6747407341381,
            817.636691815478,
            818.6603215750259,
            819.7453862772843,
            820.8916295717552,
            822.0987827695883,
            823.3665651268961,
            824.6946841411863,
            826.0828358548737,
            827.5307051692553,
            829.0379661640296,
            830.6042824268228,
            832.2293073872493,
            833.9126846560772,
            835.6540483714706,
            837.4530235481836,
            839.3092264299523,
            841.222264845981,
            843.19173856805,
            845.2172396710757,
            847.2983528917015,
            849.4346559906902,
            851.6257201107995,
            853.8711101378665,
            856.1703850559595,
            858.5230983047569,
            860.9287981296385,
            863.3870279329776,
            865.8973266186545,
            868.459228933465,
            871.072265804093,
            873.7359646691876,
            876.4498498052958,
            879.2134426482731,
            882.0262621074622,
            884.887824874686,
            887.7976457255284,
            890.7552378149878,
            893.760112964939,
            896.8117819450533,
            899.9097547466378,
            903.0535408470839,
            906.2426494698349,
            909.4765898333847,
            912.7548713944323,
            916.0770040818524,
            919.4424985243081,
            922.8508662680945,
            926.3016199885861,
            929.7942736924166,
            933.3283429129286,
            936.9033448966974,
            940.5187987832317,
            944.174225776029,
            947.8691493065536,
            951.6030951906661,
            955.3755917774548,
            959.1861700898153,
            963.0343639605305,
            966.9197101573534,
            970.8417485055264,
            974.8000219986114,
            978.7940769080611,
            982.8234628810387,
            986.8877330364129,
            990.9864440512084,
            995.1191562432848,
            999.2854336467038,
            1003.4848440825338,
            1007.7169592231471,
            1011.9813546522843,
            1016.2776099188158,
            1020.6053085865454,
            1024.964038278412,
            1029.353390716472,
            1033.772961757182,
            1038.222351423235,
            1042.701163928876,
            1047.2090077046046,
            1051.7454954152204,
            1056.310243975493,
            1060.9028745624682,
            1065.5230126234333,
            1070.1702878818958,
            1074.8443343392494,
            1079.5447902747276,
            1084.2712982414903,
            1089.0235050609062,
            1093.8010618136125,
            1098.6036238290321,
            1103.4308506710674,
            1108.2824061241645,
            1113.1579581747321,
            1118.0571789921357,
            1122.9797449073335,
            1127.9253363906735,
            1132.893638026342,
            1137.8843384876272,
            1142.8971305082803,
            1147.9317108550351,
            1152.987780296747,
            1158.0650435740429,
            1163.1632093666624,
            1168.2819902609597,
            1173.4211027154338,
            1178.5802670265273,
            1183.7592072921248,
            1188.9576513764823,
            1194.1753308728644,
            1199.4119810657385,
            1204.6673408933095,
            1209.941152909505,
            1215.2331632441355,
            1220.5431215651176,
            1225.8707810377296,
            1231.2158982863366,
            1236.5782333532075,
            1241.9575496597358,
            1247.353613965265,
            1252.7661963273854,
            1258.195070061863,
            1263.6400117016437,
            1269.1008009573152,
            1274.5772206763613,
            1280.0690568035234,
            1285.5760983397272,
            1291.0981373035743,
            1296.6349686899896,
            1302.186390432127,
            1307.752203360527,
            1313.3322111651976,
            1318.9262203554442,
