{
    "angles": {
        "linear": 0.0011736931641853161,
        "zero": 0.11829548884942,
        "slinear": 0.0011736931641855135,
        "quadratic": 1.463364652324673e-05,
        "cubic": 8.106287994486808e-06
    },
    "distances": {
        "linear": 0.012064994789359882,
        "zero": 2.289986306711367,
        "slinear": 0.012064994789351326,
        "quadratic": 4.318076439247283e-06,
        "cubic": 1.2793155120980048e-07
    },
    "delays": {
        "linear": 4.024449070483552e-05,
        "zero": 0.007638572104143354,
        "slinear": 4.024449070480682e-05,
        "quadratic": 1.4403552600618325e-08,
        "cubic": 4.267337202605964e-10
    }
}